{
    "attributes": {
        "allowHidden":true,
        "fieldAttrs":"{}",
        "fieldFormatMap":"{}",
        "fields":"[]",
        "name":"Chargeback Lookups",
        "runtimeFieldMap":"{}",
        "sourceFilters":"[]",
        "timeFieldName":"@timestamp",
        "title":"billing_cluster_cost_lookup"
    },
    "coreMigrationVersion":"8.8.0",
    "created_at":"2025-11-28T09:22:34.415Z",
    "id":"chargeback_integration",
    "managed":false,
    "references":[],
    "type":"index-pattern",
    "typeMigrationVersion":"8.0.0",
    "updated_at":"2025-11-28T09:22:34.415Z",
    "version":"WzE4MCwzXQ=="
}