{
  "@timestamp": "2024-01-10T00:00:00.000Z",
  "cloud": {
    "instance": {
      "id": "eb4bdbcfca05493bb72aa0b65cc1a2d3",
      "name": "production-cluster"
    },
    "provider": "onprem"
  },
  "data_stream": {
    "dataset": "ess_billing.billing",
    "namespace": "onprem",
    "type": "metrics"
  },
  "ess": {
    "billing": {
      "deployment_id": "eb4bdbcfca05493bb72aa0b65cc1a2d3",
      "deployment_name": "production-cluster",
      "deployment_type": "onprem",
      "deployment_tags": ["chargeback_group:platform_team"],
      "display_quantity": {
        "formatted_value": "1 day",
        "type": "default",
        "value": 1
      },
      "from": "2024-01-10T00:00:00.000Z",
      "kind": "elasticsearch",
      "name": "On-Premises: production-cluster",
      "quantity": {
        "formatted_value": "1 day",
        "value": 1
      },
      "sku": "onprem-daily-eb4bdbcfca05493bb72aa0b65cc1a2d3",
      "to": "2024-01-10T23:59:59.999Z",
      "total_ecu": 500,
      "type": "capacity",
      "unit": "day",
      "zone_count": 1
    }
  },
  "event": {
    "dataset": "ess_billing.billing",
    "module": "ess_billing"
  },
  "input": {
    "type": "transform"
  }
}
