{
    "id": "chargeback-transform-health",
    "type": "alerting_rule_template",
    "attributes": {
        "name": "[Chargeback] Transform health monitoring",
        "tags": ["Chargeback", "Transforms"],
        "ruleTypeId": "transform_health",
        "schedule": {
            "interval": "1m"
        },
        "params": {
            "includeTransforms": [
                "logs-chargeback.billing_cluster_cost-*",
                "logs-chargeback.cluster_deployment_contribution-*",
                "logs-chargeback.cluster_datastream_contribution-*",
                "logs-chargeback.cluster_tier_contribution-*",
                "logs-chargeback.cluster_tier_and_ds_contribution-*"
            ],
            "excludeTransforms": null,
            "testsConfig": null
        },
        "alertDelay": {
            "active": 1
        }
    }
}
